# experiment_label: PTC_module_test,,,,,,,,,,
# pc_start_time: 2026-02-16T12:17:47,,,,,,,,,,
# columns: pc_time, rel_s, rel_min, arduino_ms,phase,T_mean_C,setpoint_C,dTdt,heater_state,pump_state,
pc_time_iso,t_rel_s,t_rel_min,arduino_ms,phase,T_mean_C,setpoint_C,dTdt,heater_state,pump_state,raw_line
2026-02-16T12:17:50,4.67,0.078,3008,WARMUP,19.844,40,0,OFF,OFF,"3008,WARMUP,19.844,40.00,0.000000,OFF,OFF"
2026-02-16T12:17:53,7.77,0.129,6100,WARMUP,19.875,40,0,OFF,OFF,"6100,WARMUP,19.875,40.00,0.000000,OFF,OFF"
2026-02-16T12:17:56,10.86,0.181,9192,WARMUP,19.937,40,0,ON,OFF,"9192,WARMUP,19.937,40.00,0.000000,ON,OFF"
2026-02-16T12:17:59,13.96,0.233,12283,WARMUP,20.125,40,0.014741,ON,OFF,"12283,WARMUP,20.125,40.00,0.014741,ON,OFF"
2026-02-16T12:18:02,17.06,0.284,15376,WARMUP,20.406,40,0.038343,ON,OFF,"15376,WARMUP,20.406,40.00,0.038343,ON,OFF"
2026-02-16T12:18:05,20.15,0.336,18467,WARMUP,20.812,40,0.038343,ON,OFF,"18467,WARMUP,20.812,40.00,0.038343,ON,OFF"
2026-02-16T12:18:08,23.25,0.387,21560,WARMUP,21.406,40,0.084437,ON,OFF,"21560,WARMUP,21.406,40.00,0.084437,ON,OFF"
2026-02-16T12:18:11,26.34,0.439,24651,WARMUP,22.031,40,0.084437,ON,OFF,"24651,WARMUP,22.031,40.00,0.084437,ON,OFF"
2026-02-16T12:18:15,29.44,0.491,27744,WARMUP,22.656,40,0.129278,ON,OFF,"27744,WARMUP,22.656,40.00,0.129278,ON,OFF"
2026-02-16T12:18:18,32.53,0.542,30835,WARMUP,23.25,40,0.16113,OFF,OFF,"30835,WARMUP,23.250,40.00,0.161130,OFF,OFF"
2026-02-16T12:31:28,35.64,0.594,33928,WARMUP,25.937,37,0.133818,OFF,OFF,"33928,WARMUP,25.937,37.00,0.133818,OFF,OFF"
2026-02-16T12:31:32,38.73,0.646,37020,WARMUP,26.469,37,0.151551,OFF,OFF,"37020,WARMUP,26.469,37.00,0.151551,OFF,OFF"
2026-02-16T12:31:35,41.83,0.697,40112,WARMUP,27,37,0.151551,OFF,OFF,"40112,WARMUP,27.000,37.00,0.151551,OFF,OFF"
2026-02-16T12:31:38,44.92,0.749,43204,WARMUP,27.531,37,0.162177,ON,OFF,"43204,WARMUP,27.531,37.00,0.162177,ON,OFF"
2026-02-16T12:31:41,48.02,0.8,46297,WARMUP,28,37,0.158761,ON,OFF,"46297,WARMUP,28.000,37.00,0.158761,ON,OFF"
2026-02-16T12:31:44,51.12,0.852,49388,WARMUP,28.406,37,0.158761,ON,OFF,"49388,WARMUP,28.406,37.00,0.158761,ON,OFF"
2026-02-16T12:31:47,54.21,0.904,52481,WARMUP,28.781,37,0.146849,ON,OFF,"52481,WARMUP,28.781,37.00,0.146849,ON,OFF"
2026-02-16T12:31:50,57.31,0.955,55572,WARMUP,29.125,37,0.146849,ON,OFF,"55572,WARMUP,29.125,37.00,0.146849,ON,OFF"
2026-02-16T12:31:53,60.4,1.007,58664,WARMUP,29.562,37,0.134788,ON,OFF,"58664,WARMUP,29.562,37.00,0.134788,ON,OFF"
2026-02-16T12:31:56,63.5,1.058,61757,WARMUP,29.969,37,0.132495,OFF,OFF,"61757,WARMUP,29.969,37.00,0.132495,OFF,OFF"
2026-02-16T12:31:59,66.59,1.11,64848,WARMUP,30.469,37,0.132495,OFF,OFF,"64848,WARMUP,30.469,37.00,0.132495,OFF,OFF"
2026-02-16T12:32:03,69.69,1.162,67941,WARMUP,30.937,37,0.14583,OFF,OFF,"67941,WARMUP,30.937,37.00,0.145830,OFF,OFF"
2026-02-16T12:32:06,72.79,1.213,71032,WARMUP,31.406,37,0.14583,OFF,OFF,"71032,WARMUP,31.406,37.00,0.145830,OFF,OFF"
2026-02-16T12:32:09,75.88,1.265,74125,WARMUP,31.875,37,0.14646,ON,OFF,"74125,WARMUP,31.875,37.00,0.146460,ON,OFF"
2026-02-16T12:32:12,78.98,1.316,77217,WARMUP,32.219,37,0.146861,ON,OFF,"77217,WARMUP,32.219,37.00,0.146861,ON,OFF"
2026-02-16T12:32:15,82.07,1.368,80310,WARMUP,32.437,37,0.146861,ON,OFF,"80310,WARMUP,32.437,37.00,0.146861,ON,OFF"
2026-02-16T12:32:18,85.17,1.42,83401,WARMUP,32.531,37,0.112684,ON,OFF,"83401,WARMUP,32.531,37.00,0.112684,ON,OFF"
2026-02-16T12:32:21,88.27,1.471,86494,WARMUP,32.625,37,0.112684,OFF,OFF,"86494,WARMUP,32.625,37.00,0.112684,OFF,OFF"
2026-02-16T12:32:24,91.36,1.523,89586,WARMUP,32.75,37,0.07744,OFF,OFF,"89586,WARMUP,32.750,37.00,0.077440,OFF,OFF"
2026-02-16T12:32:27,94.46,1.574,92679,WARMUP,32.875,37,0.063668,OFF,OFF,"92679,WARMUP,32.875,37.00,0.063668,OFF,OFF"
2026-02-16T12:32:30,97.55,1.626,95770,WARMUP,33,37,0.063668,OFF,OFF,"95770,WARMUP,33.000,37.00,0.063668,OFF,OFF"
2026-02-16T12:32:33,100.65,1.678,98863,WARMUP,33.219,37,0.055395,OFF,OFF,"98863,WARMUP,33.219,37.00,0.055395,OFF,OFF"
2026-02-16T12:32:37,103.75,1.729,101955,WARMUP,33.437,37,0.062735,OFF,OFF,"101955,WARMUP,33.437,37.00,0.062735,OFF,OFF"
2026-02-16T12:32:40,106.84,1.781,105048,WARMUP,33.719,37,0.062735,OFF,OFF,"105048,WARMUP,33.719,37.00,0.062735,OFF,OFF"
2026-02-16T12:32:43,109.94,1.832,108140,WARMUP,34.031,37,0.076949,ON,OFF,"108140,WARMUP,34.031,37.00,0.076949,ON,OFF"
2026-02-16T12:32:46,113.04,1.884,111232,WARMUP,34.375,37,0.076949,ON,OFF,"111232,WARMUP,34.375,37.00,0.076949,ON,OFF"
2026-02-16T12:32:49,116.13,1.936,114324,WARMUP,34.656,37,0.085478,ON,OFF,"114324,WARMUP,34.656,37.00,0.085478,ON,OFF"
2026-02-16T12:32:52,119.23,1.987,117416,WARMUP,34.969,37,0.09061,ON,OFF,"117416,WARMUP,34.969,37.00,0.090610,ON,OFF"
2026-02-16T12:32:55,122.32,2.039,120509,WARMUP,35.219,37,0.09061,OFF,OFF,"120509,WARMUP,35.219,37.00,0.090610,OFF,OFF"
2026-02-16T12:32:58,125.42,2.09,123601,WARMUP,35.25,37,0.078929,OFF,OFF,"123601,WARMUP,35.250,37.00,0.078929,OFF,OFF"
2026-02-16T12:33:01,128.51,2.142,126693,WARMUP,35.281,37,0.078929,OFF,OFF,"126693,WARMUP,35.281,37.00,0.078929,OFF,OFF"
2026-02-16T12:33:04,131.61,2.194,129785,WARMUP,35.25,37,0.047357,OFF,OFF,"129785,WARMUP,35.250,37.00,0.047357,OFF,OFF"
2026-02-16T12:33:08,134.71,2.245,132878,WARMUP,35.281,37,0.030873,OFF,OFF,"132878,WARMUP,35.281,37.00,0.030873,OFF,OFF"
2026-02-16T12:33:11,137.8,2.297,135970,WARMUP,35.344,37,0.030873,OFF,OFF,"135970,WARMUP,35.344,37.00,0.030873,OFF,OFF"
2026-02-16T12:33:14,140.9,2.348,139063,WARMUP,35.406,37,0.023437,OFF,OFF,"139063,WARMUP,35.406,37.00,0.023437,OFF,OFF"
2026-02-16T12:33:17,144,2.4,142155,WARMUP,35.5,37,0.023437,ON,OFF,"142155,WARMUP,35.500,37.00,0.023437,ON,OFF"
2026-02-16T12:33:20,147.09,2.452,145248,WARMUP,35.594,37,0.026344,ON,OFF,"145248,WARMUP,35.594,37.00,0.026344,ON,OFF"
2026-02-16T12:33:23,150.19,2.503,148339,WARMUP,35.687,37,0.028095,OFF,OFF,"148339,WARMUP,35.687,37.00,0.028095,OFF,OFF"
2026-02-16T12:33:26,153.28,2.555,151432,WARMUP,35.75,37,0.028095,OFF,OFF,"151432,WARMUP,35.750,37.00,0.028095,OFF,OFF"
2026-02-16T12:33:29,156.38,2.606,154524,WARMUP,35.844,37,0.026684,OFF,OFF,"154524,WARMUP,35.844,37.00,0.026684,OFF,OFF"
2026-02-16T12:33:32,159.48,2.658,157617,WARMUP,35.906,37,0.026684,OFF,OFF,"157617,WARMUP,35.906,37.00,0.026684,OFF,OFF"
2026-02-16T12:33:35,162.57,2.71,160709,WARMUP,36,37,0.028294,OFF,OFF,"160709,WARMUP,36.000,37.00,0.028294,OFF,OFF"
2026-02-16T12:33:38,165.67,2.761,163802,WARMUP,36.062,37,0.026805,OFF,OFF,"163802,WARMUP,36.062,37.00,0.026805,OFF,OFF"
2026-02-16T12:33:42,168.76,2.813,166894,WARMUP,36.187,37,0.026805,OFF,OFF,"166894,WARMUP,36.187,37.00,0.026805,OFF,OFF"
2026-02-16T12:33:45,171.86,2.864,169986,WARMUP,36.281,37,0.030824,OFF,OFF,"169986,WARMUP,36.281,37.00,0.030824,OFF,OFF"
2026-02-16T12:33:48,174.95,2.916,173077,HOLD,36.344,37,0.02587,OFF,OFF,"173077,HOLD,36.344,37.00,0.025870,OFF,OFF"
2026-02-16T12:33:51,178.05,2.968,176168,HOLD,36.375,37,0.02587,OFF,OFF,"176168,HOLD,36.375,37.00,0.025870,OFF,OFF"
2026-02-16T12:33:54,181.15,3.019,179260,HOLD,36.344,37,0.015522,OFF,OFF,"179260,HOLD,36.344,37.00,0.015522,OFF,OFF"
2026-02-16T12:33:57,184.24,3.071,182350,HOLD,36.344,37,0.015522,OFF,OFF,"182350,HOLD,36.344,37.00,0.015522,OFF,OFF"
2026-02-16T12:34:00,187.33,3.122,185442,HOLD,36.375,37,0.009313,OFF,OFF,"185442,HOLD,36.375,37.00,0.009313,OFF,OFF"
2026-02-16T12:34:03,190.43,3.174,188533,HOLD,36.344,37,0.005588,OFF,OFF,"188533,HOLD,36.344,37.00,0.005588,OFF,OFF"
2026-02-16T12:34:06,193.52,3.225,191624,HOLD,36.344,37,0.005588,OFF,OFF,"191624,HOLD,36.344,37.00,0.005588,OFF,OFF"
2026-02-16T12:34:09,196.62,3.277,194715,HOLD,36.344,37,0.003353,OFF,OFF,"194715,HOLD,36.344,37.00,0.003353,OFF,OFF"
2026-02-16T12:34:13,199.71,3.329,197807,HOLD,36.312,37,0.003353,OFF,OFF,"197807,HOLD,36.312,37.00,0.003353,OFF,OFF"
2026-02-16T12:34:16,202.81,3.38,200897,HOLD,36.312,37,-0.000446,OFF,OFF,"200897,HOLD,36.312,37.00,-0.000446,OFF,OFF"
2026-02-16T12:34:19,205.9,3.432,203988,HOLD,36.437,37,0.00711,OFF,OFF,"203988,HOLD,36.437,37.00,0.007110,OFF,OFF"
2026-02-16T12:34:22,209,3.483,207079,HOLD,36.531,37,0.00711,OFF,OFF,"207079,HOLD,36.531,37.00,0.007110,OFF,OFF"
2026-02-16T12:34:25,212.09,3.535,210170,HOLD,36.531,37,0.014097,OFF,OFF,"210170,HOLD,36.531,37.00,0.014097,OFF,OFF"
2026-02-16T12:34:28,215.19,3.586,213262,HOLD,36.5,37,0.014097,OFF,OFF,"213262,HOLD,36.500,37.00,0.014097,OFF,OFF"
2026-02-16T12:34:31,218.28,3.638,216352,HOLD,36.5,37,0.006001,OFF,OFF,"216352,HOLD,36.500,37.00,0.006001,OFF,OFF"
2026-02-16T12:34:34,221.38,3.69,219444,HOLD,36.437,37,0.001142,OFF,OFF,"219444,HOLD,36.437,37.00,0.001142,OFF,OFF"
2026-02-16T12:34:37,224.47,3.741,222534,HOLD,36.469,37,0.001142,OFF,OFF,"222534,HOLD,36.469,37.00,0.001142,OFF,OFF"
2026-02-16T12:34:40,227.57,3.793,225626,HOLD,36.437,37,-0.001773,ON,OFF,"225626,HOLD,36.437,37.00,-0.001773,ON,OFF"
2026-02-16T12:34:43,230.66,3.844,228716,HOLD,36.469,37,-0.001773,ON,OFF,"228716,HOLD,36.469,37.00,-0.001773,ON,OFF"
2026-02-16T12:34:47,233.76,3.896,231808,HOLD,36.562,37,0.001395,OFF,OFF,"231808,HOLD,36.562,37.00,0.001395,OFF,OFF"
2026-02-16T12:34:50,236.85,3.948,234898,HOLD,36.531,37,0.005754,OFF,OFF,"234898,HOLD,36.531,37.00,0.005754,OFF,OFF"
2026-02-16T12:34:53,239.95,3.999,237989,HOLD,36.531,37,0.005754,OFF,OFF,"237989,HOLD,36.531,37.00,0.005754,OFF,OFF"
2026-02-16T12:34:56,243.04,4.051,241080,HOLD,36.5,37,0.003452,OFF,OFF,"241080,HOLD,36.500,37.00,0.003452,OFF,OFF"
2026-02-16T12:34:59,246.13,4.102,244170,HOLD,36.437,37,0.003452,OFF,OFF,"244170,HOLD,36.437,37.00,0.003452,OFF,OFF"
2026-02-16T12:35:02,249.23,4.154,247261,HOLD,36.437,37,-0.005302,OFF,OFF,"247261,HOLD,36.437,37.00,-0.005302,OFF,OFF"
2026-02-16T12:35:05,252.32,4.205,250351,HOLD,36.562,37,0.001737,OFF,OFF,"250351,HOLD,36.562,37.00,0.001737,OFF,OFF"
2026-02-16T12:35:08,255.42,4.257,253442,HOLD,36.625,37,0.001737,OFF,OFF,"253442,HOLD,36.625,37.00,0.001737,OFF,OFF"
2026-02-16T12:35:11,258.51,4.309,256533,HOLD,36.594,37,0.008416,OFF,OFF,"256533,HOLD,36.594,37.00,0.008416,OFF,OFF"
2026-02-16T12:35:14,261.61,4.36,259624,HOLD,36.562,37,0.00259,OFF,OFF,"259624,HOLD,36.562,37.00,0.002590,OFF,OFF"
2026-02-16T12:35:18,264.7,4.412,262715,HOLD,36.531,37,0.00259,OFF,OFF,"262715,HOLD,36.531,37.00,0.002590,OFF,OFF"
2026-02-16T12:35:21,267.8,4.463,265805,HOLD,36.469,37,-0.005819,OFF,OFF,"265805,HOLD,36.469,37.00,-0.005819,OFF,OFF"
2026-02-16T12:35:24,270.89,4.515,268896,HOLD,36.531,37,-0.005819,OFF,OFF,"268896,HOLD,36.531,37.00,-0.005819,OFF,OFF"
2026-02-16T12:35:27,273.98,4.566,271987,HOLD,36.625,37,0.003882,OFF,OFF,"271987,HOLD,36.625,37.00,0.003882,OFF,OFF"
2026-02-16T12:35:30,277.08,4.618,275078,HOLD,36.625,37,0.007247,OFF,OFF,"275078,HOLD,36.625,37.00,0.007247,OFF,OFF"
2026-02-16T12:35:33,280.17,4.67,278168,HOLD,36.594,37,0.007247,OFF,OFF,"278168,HOLD,36.594,37.00,0.007247,OFF,OFF"
2026-02-16T12:35:36,283.27,4.721,281257,HOLD,36.562,37,-0.000569,OFF,OFF,"281257,HOLD,36.562,37.00,-0.000569,OFF,OFF"
2026-02-16T12:35:39,286.36,4.773,284347,HOLD,36.594,37,-0.000569,OFF,OFF,"284347,HOLD,36.594,37.00,-0.000569,OFF,OFF"
2026-02-16T12:35:42,289.45,4.824,287437,HOLD,36.75,37,0.007035,OFF,OFF,"287437,HOLD,36.750,37.00,0.007035,OFF,OFF"
2026-02-16T12:35:45,292.55,4.876,290527,HOLD,36.75,37,0.011601,OFF,OFF,"290527,HOLD,36.750,37.00,0.011601,OFF,OFF"
2026-02-16T12:35:48,295.64,4.927,293616,HOLD,36.719,37,0.011601,OFF,OFF,"293616,HOLD,36.719,37.00,0.011601,OFF,OFF"
2026-02-16T12:35:52,298.73,4.979,296706,HOLD,36.687,37,0.004502,OFF,OFF,"296706,HOLD,36.687,37.00,0.004502,OFF,OFF"
2026-02-16T12:35:55,301.83,5.03,299795,HOLD,36.656,37,0.004502,OFF,OFF,"299795,HOLD,36.656,37.00,0.004502,OFF,OFF"
2026-02-16T12:35:58,304.92,5.082,302884,HOLD,36.625,37,-0.004676,OFF,OFF,"302884,HOLD,36.625,37.00,-0.004676,OFF,OFF"
2026-02-16T12:36:01,308.01,5.134,305975,HOLD,36.719,37,0.004573,OFF,OFF,"305975,HOLD,36.719,37.00,0.004573,OFF,OFF"
2026-02-16T12:36:04,311.11,5.185,309064,HOLD,36.781,37,0.004573,OFF,OFF,"309064,HOLD,36.781,37.00,0.004573,OFF,OFF"
2026-02-16T12:36:07,314.2,5.237,312154,HOLD,36.812,37,0.010119,OFF,OFF,"312154,HOLD,36.812,37.00,0.010119,OFF,OFF"
2026-02-16T12:36:10,317.29,5.288,315243,HOLD,36.781,37,0.010119,OFF,OFF,"315243,HOLD,36.781,37.00,0.010119,OFF,OFF"
2026-02-16T12:36:13,320.39,5.34,318333,HOLD,36.719,37,0.001153,OFF,OFF,"318333,HOLD,36.719,37.00,0.001153,OFF,OFF"
2026-02-16T12:36:16,323.48,5.391,321423,HOLD,36.687,37,0.000692,OFF,OFF,"321423,HOLD,36.687,37.00,0.000692,OFF,OFF"
2026-02-16T12:36:19,326.57,5.443,324513,HOLD,36.75,37,0.000692,OFF,OFF,"324513,HOLD,36.750,37.00,0.000692,OFF,OFF"
2026-02-16T12:36:22,329.67,5.494,327603,HOLD,36.875,37,0.002874,OFF,OFF,"327603,HOLD,36.875,37.00,0.002874,OFF,OFF"
2026-02-16T12:36:26,332.76,5.546,330692,HOLD,36.906,37,0.011565,OFF,OFF,"330692,HOLD,36.906,37.00,0.011565,OFF,OFF"
2026-02-16T12:36:29,335.85,5.598,333782,HOLD,36.906,37,0.011565,OFF,OFF,"333782,HOLD,36.906,37.00,0.011565,OFF,OFF"
2026-02-16T12:36:32,338.95,5.649,336871,HOLD,36.875,37,0.00448,OFF,OFF,"336871,HOLD,36.875,37.00,0.004480,OFF,OFF"
2026-02-16T12:36:35,342.04,5.701,339959,HOLD,36.812,37,0.00448,OFF,OFF,"339959,HOLD,36.812,37.00,0.004480,OFF,OFF"
2026-02-16T12:36:38,345.13,5.752,343049,HOLD,36.812,37,-0.002231,OFF,OFF,"343049,HOLD,36.812,37.00,-0.002231,OFF,OFF"
2026-02-16T12:36:41,348.23,5.804,346138,HOLD,36.875,37,0.003582,OFF,OFF,"346138,HOLD,36.875,37.00,0.003582,OFF,OFF"
2026-02-16T12:36:44,351.32,5.855,349228,HOLD,37,37,0.003582,OFF,OFF,"349228,HOLD,37.000,37.00,0.003582,OFF,OFF"
